엑센트,123허 1001,false
엑센트,123허 1002,true
엑센트,123허 1003,true
아반떼,123허 1004,true
소나타,123허 1005,true
소나타,123허 1006,false
소나타,123허 1007,true
소나타,123허 1008,true
그랜저,123허 1009,true
투싼,123허 1010,true
투싼,123허 1011,true
펠리세이드,123허 1012,false
펠리세이드,123허 1013,true
펠리세이드,123허 1014,true
모닝,234하 2001,true
모닝,234하 2002,true
모닝,234하 2003,false
모닝,234하 2004,true
모닝,234하 2005,true
K3,234하 2006,true
K3,234하 2007,true
K3,234하 2008,true
K3,234하 2009,true
K5,234하 2010,true
K7,234하 2011,false
K9,234하 2012,true
K9,234하 2013,true
쏘렌토,234하 2014,true
쏘렌토,234하 2015,false
쏘렌토,234하 2016,true
